Peer,Task,Date
adr,C2_SimpleBashUtils,2023-01-12
rdl,C2_SimpleBashUtils,2023-10-02
buttery,C2_SimpleBashUtils,2023-03-26
adr,C2_SimpleBashUtils,2023-10-02
buttery,C2_SimpleBashUtils,2023-10-03
rdl,C7_SmartCalc_v1.0,2023-10-13
adr,C7_SmartCalc_v1.0,2023-10-13
buttery,C2_SimpleBashUtils,2023-10-13
Anna,C2_SimpleBashUtils,2023-10-13
adr,C2_SimpleBashUtils,2023-01-12
rdl,C2_SimpleBashUtils,2023-10-02
buttery,C2_SimpleBashUtils,2023-03-26
adr,C2_SimpleBashUtils,2023-10-02
buttery,C2_SimpleBashUtils,2023-10-03
adr,C2_SimpleBashUtils,2023-01-12
rdl,C2_SimpleBashUtils,2023-10-02
buttery,C2_SimpleBashUtils,2023-03-26
adr,C2_SimpleBashUtils,2023-10-02
buttery,C2_SimpleBashUtils,2023-10-03